Name,Link
Precious Achiuwa,https://cdn.nba.com/headshots/nba/latest/1040x760/1630173.png
Steven Adams,https://cdn.nba.com/headshots/nba/latest/1040x760/203500.png
Bam Adebayo,https://cdn.nba.com/headshots/nba/latest/1040x760/1628389.png
Ochai Agbaji,https://cdn.nba.com/headshots/nba/latest/1040x760/1630534.png
James Akinjo,https://cdn.nba.com/headshots/nba/latest/1040x760/1631231.png
Santi Aldama,https://cdn.nba.com/headshots/nba/latest/1040x760/1630583.png
Trey Alexander,https://cdn.nba.com/headshots/nba/latest/1040x760/1641725.png
Nickeil Alexander-Walker,https://cdn.nba.com/headshots/nba/latest/1040x760/1629638.png
Grayson Allen,https://cdn.nba.com/headshots/nba/latest/1040x760/1628960.png
Jarrett Allen,https://cdn.nba.com/headshots/nba/latest/1040x760/1628386.png
Jose Alvarado,https://cdn.nba.com/headshots/nba/latest/1040x760/1630631.png
Kyle Anderson,https://cdn.nba.com/headshots/nba/latest/1040x760/203937.png
Giannis Antetokounmpo,https://cdn.nba.com/headshots/nba/latest/1040x760/203507.png
Cole Anthony,https://cdn.nba.com/headshots/nba/latest/1040x760/1630175.png
OG Anunoby,https://cdn.nba.com/headshots/nba/latest/1040x760/1628384.png
Adonis Arms,https://cdn.nba.com/headshots/nba/latest/1040x760/1631317.png
Mark Armstrong,https://cdn.nba.com/headshots/nba/latest/1040x760/1642378.png
Deni Avdija,https://cdn.nba.com/headshots/nba/latest/1040x760/1630166.png
Deandre Ayton,https://cdn.nba.com/headshots/nba/latest/1040x760/1629028.png
Armando Bacot,https://cdn.nba.com/headshots/nba/latest/1040x760/1630654.png
Marvin Bagley III,https://cdn.nba.com/headshots/nba/latest/1040x760/1628963.png
Amari Bailey,https://cdn.nba.com/headshots/nba/latest/1040x760/1641735.png
Patrick Baldwin Jr.,https://cdn.nba.com/headshots/nba/latest/1040x760/1631116.png
LaMelo Ball,https://cdn.nba.com/headshots/nba/latest/1040x760/1630163.png
Lonzo Ball,https://cdn.nba.com/headshots/nba/latest/1040x760/1628366.png
Mo Bamba,https://cdn.nba.com/headshots/nba/latest/1040x760/1628964.png
Paolo Banchero,https://cdn.nba.com/headshots/nba/latest/1040x760/1631094.png
Desmond Bane,https://cdn.nba.com/headshots/nba/latest/1040x760/1630217.png
Dalano Banton,https://cdn.nba.com/headshots/nba/latest/1040x760/1630625.png
Dominick Barlow,https://cdn.nba.com/headshots/nba/latest/1040x760/1631230.png
Harrison Barnes,https://cdn.nba.com/headshots/nba/latest/1040x760/203084.png
Scottie Barnes,https://cdn.nba.com/headshots/nba/latest/1040x760/1630567.png
RJ Barrett,https://cdn.nba.com/headshots/nba/latest/1040x760/1629628.png
Charles Bassey,https://cdn.nba.com/headshots/nba/latest/1040x760/1629646.png
Emoni Bates,https://cdn.nba.com/headshots/nba/latest/1040x760/1641734.png
Keita Bates-Diop,https://cdn.nba.com/headshots/nba/latest/1040x760/1628966.png
Jamison Battle,https://cdn.nba.com/headshots/nba/latest/1040x760/1642419.png
Nicolas Batum,https://cdn.nba.com/headshots/nba/latest/1040x760/201587.png
Bradley Beal,https://cdn.nba.com/headshots/nba/latest/1040x760/203078.png
Malik Beasley,https://cdn.nba.com/headshots/nba/latest/1040x760/1627736.png
MarJon Beauchamp,https://cdn.nba.com/headshots/nba/latest/1040x760/1630699.png
Charles Bediako,https://cdn.nba.com/headshots/nba/latest/1040x760/1641777.png
Reece Beekman,https://cdn.nba.com/headshots/nba/latest/1040x760/1641736.png
Jules Bernard,https://cdn.nba.com/headshots/nba/latest/1040x760/1631262.png
Saddiq Bey,https://cdn.nba.com/headshots/nba/latest/1040x760/1630180.png
Goga Bitadze,https://cdn.nba.com/headshots/nba/latest/1040x760/1629048.png
Onuralp Bitim,https://cdn.nba.com/headshots/nba/latest/1040x760/1641931.png
Anthony Black,https://cdn.nba.com/headshots/nba/latest/1040x760/1641710.png
Leaky Black,https://cdn.nba.com/headshots/nba/latest/1040x760/1641778.png
Bogdan Bogdanović,https://cdn.nba.com/headshots/nba/latest/1040x760/203992.png
Bojan Bogdanović,https://cdn.nba.com/headshots/nba/latest/1040x760/202711.png
Bol Bol,https://cdn.nba.com/headshots/nba/latest/1040x760/1629626.png
Adem Bona,https://cdn.nba.com/headshots/nba/latest/1040x760/1641737.png
Devin Booker,https://cdn.nba.com/headshots/nba/latest/1040x760/1626164.png
Brandon Boston Jr.,https://cdn.nba.com/headshots/nba/latest/1040x760/1630527.png
Chris Boucher,https://cdn.nba.com/headshots/nba/latest/1040x760/1628449.png
Malaki Branham,https://cdn.nba.com/headshots/nba/latest/1040x760/1631103.png
Christian Braun,https://cdn.nba.com/headshots/nba/latest/1040x760/1631128.png
Jalen Bridges,https://cdn.nba.com/headshots/nba/latest/1040x760/1641779.png
Mikal Bridges,https://cdn.nba.com/headshots/nba/latest/1040x760/1628969.png
Miles Bridges,https://cdn.nba.com/headshots/nba/latest/1040x760/1628970.png
Malcolm Brogdon,https://cdn.nba.com/headshots/nba/latest/1040x760/1627763.png
Dillon Brooks,https://cdn.nba.com/headshots/nba/latest/1040x760/1628415.png
Keion Brooks Jr.,https://cdn.nba.com/headshots/nba/latest/1040x760/1631232.png
Bruce Brown,https://cdn.nba.com/headshots/nba/latest/1040x760/1628971.png
Jaylen Brown,https://cdn.nba.com/headshots/nba/latest/1040x760/1627759.png
Kendall Brown,https://cdn.nba.com/headshots/nba/latest/1040x760/1631112.png
Kobe Brown,https://cdn.nba.com/headshots/nba/latest/1040x760/1641738.png
Moses Brown,https://cdn.nba.com/headshots/nba/latest/1040x760/1629650.png
Charlie Brown Jr.,https://cdn.nba.com/headshots/nba/latest/1040x760/1629718.png
Jalen Brunson,https://cdn.nba.com/headshots/nba/latest/1040x760/1628973.png
Thomas Bryant,https://cdn.nba.com/headshots/nba/latest/1040x760/1628418.png
Kobe Bufkin,https://cdn.nba.com/headshots/nba/latest/1040x760/1641723.png
Alec Burks,https://cdn.nba.com/headshots/nba/latest/1040x760/202692.png
Jared Butler,https://cdn.nba.com/headshots/nba/latest/1040x760/1630215.png
Jimmy Butler,https://cdn.nba.com/headshots/nba/latest/1040x760/202710.png
Matas Buzelis,https://cdn.nba.com/headshots/nba/latest/1040x760/1641824.png
Jamal Cain,https://cdn.nba.com/headshots/nba/latest/1040x760/1631288.png
Kentavious Caldwell-Pope,https://cdn.nba.com/headshots/nba/latest/1040x760/203484.png
Toumani Camara,https://cdn.nba.com/headshots/nba/latest/1040x760/1641739.png
Clint Capela,https://cdn.nba.com/headshots/nba/latest/1040x760/203991.png
Branden Carlson,https://cdn.nba.com/headshots/nba/latest/1040x760/1642382.png
Carlton Carrington,https://cdn.nba.com/headshots/nba/latest/1040x760/1642267.png
Devin Carter,https://cdn.nba.com/headshots/nba/latest/1040x760/1642269.png
Jevon Carter,https://cdn.nba.com/headshots/nba/latest/1040x760/1628975.png
Wendell Carter Jr.,https://cdn.nba.com/headshots/nba/latest/1040x760/1628976.png
D.J. Carton,https://cdn.nba.com/headshots/nba/latest/1040x760/1630618.png
Alex Caruso,https://cdn.nba.com/headshots/nba/latest/1040x760/1627936.png
Stephon Castle,https://cdn.nba.com/headshots/nba/latest/1040x760/1642264.png
Colin Castleton,https://cdn.nba.com/headshots/nba/latest/1040x760/1630658.png
Julian Champagnie,https://cdn.nba.com/headshots/nba/latest/1040x760/1630577.png
Justin Champagnie,https://cdn.nba.com/headshots/nba/latest/1040x760/1630551.png
Ulrich Chomche,https://cdn.nba.com/headshots/nba/latest/1040x760/1642279.png
Cam Christie,https://cdn.nba.com/headshots/nba/latest/1040x760/1642353.png
Max Christie,https://cdn.nba.com/headshots/nba/latest/1040x760/1631108.png
Josh Christopher,https://cdn.nba.com/headshots/nba/latest/1040x760/1630528.png
Sidy Cissoko,https://cdn.nba.com/headshots/nba/latest/1040x760/1631321.png
Jaylen Clark,https://cdn.nba.com/headshots/nba/latest/1040x760/1641740.png
Brandon Clarke,https://cdn.nba.com/headshots/nba/latest/1040x760/1629634.png
Jordan Clarkson,https://cdn.nba.com/headshots/nba/latest/1040x760/203903.png
Nic Claxton,https://cdn.nba.com/headshots/nba/latest/1040x760/1629651.png
Donovan Clingan,https://cdn.nba.com/headshots/nba/latest/1040x760/1642270.png
Noah Clowney,https://cdn.nba.com/headshots/nba/latest/1040x760/1641730.png
Amir Coffey,https://cdn.nba.com/headshots/nba/latest/1040x760/1629599.png
Isaiah Collier,https://cdn.nba.com/headshots/nba/latest/1040x760/1642268.png
John Collins,https://cdn.nba.com/headshots/nba/latest/1040x760/1628381.png
Zach Collins,https://cdn.nba.com/headshots/nba/latest/1040x760/1628380.png
Mike Conley,https://cdn.nba.com/headshots/nba/latest/1040x760/201144.png
Pat Connaughton,https://cdn.nba.com/headshots/nba/latest/1040x760/1626192.png
Bilal Coulibaly,https://cdn.nba.com/headshots/nba/latest/1040x760/1641731.png
Ricky Council IV,https://cdn.nba.com/headshots/nba/latest/1040x760/1641741.png
Torrey Craig,https://cdn.nba.com/headshots/nba/latest/1040x760/1628470.png
Isaiah Crawford,https://cdn.nba.com/headshots/nba/latest/1040x760/1642384.png
Jalen Crutcher,https://cdn.nba.com/headshots/nba/latest/1040x760/1630622.png
Jarrett Culver,https://cdn.nba.com/headshots/nba/latest/1040x760/1629633.png
Cade Cunningham,https://cdn.nba.com/headshots/nba/latest/1040x760/1630595.png
Seth Curry,https://cdn.nba.com/headshots/nba/latest/1040x760/203552.png
Stephen Curry,https://cdn.nba.com/headshots/nba/latest/1040x760/201939.png
Pacôme Dadiet,https://cdn.nba.com/headshots/nba/latest/1040x760/1642359.png
Caleb Daniels,https://cdn.nba.com/headshots/nba/latest/1040x760/1641915.png
Dyson Daniels,https://cdn.nba.com/headshots/nba/latest/1040x760/1630700.png
N'Faly Dante,https://cdn.nba.com/headshots/nba/latest/1040x760/1642368.png
Nate Darling,https://cdn.nba.com/headshots/nba/latest/1040x760/1630268.png
Anthony Davis,https://cdn.nba.com/headshots/nba/latest/1040x760/203076.png
Johnny Davis,https://cdn.nba.com/headshots/nba/latest/1040x760/1631098.png
Terence Davis,https://cdn.nba.com/headshots/nba/latest/1040x760/1629056.png
JD Davison,https://cdn.nba.com/headshots/nba/latest/1040x760/1631120.png
DeMar DeRozan,https://cdn.nba.com/headshots/nba/latest/1040x760/201942.png
Donte DiVincenzo,https://cdn.nba.com/headshots/nba/latest/1040x760/1628978.png
Moussa Diabaté,https://cdn.nba.com/headshots/nba/latest/1040x760/1631217.png
Mamadi Diakite,https://cdn.nba.com/headshots/nba/latest/1040x760/1629603.png
Gradey Dick,https://cdn.nba.com/headshots/nba/latest/1040x760/1641711.png
Ousmane Dieng,https://cdn.nba.com/headshots/nba/latest/1040x760/1631172.png
Rob Dillingham,https://cdn.nba.com/headshots/nba/latest/1040x760/1642265.png
Spencer Dinwiddie,https://cdn.nba.com/headshots/nba/latest/1040x760/203915.png
Luka Dončić,https://cdn.nba.com/headshots/nba/latest/1040x760/1629029.png
Luguentz Dort,https://cdn.nba.com/headshots/nba/latest/1040x760/1629652.png
Ayo Dosunmu,https://cdn.nba.com/headshots/nba/latest/1040x760/1630245.png
Jeff Dowtin Jr.,https://cdn.nba.com/headshots/nba/latest/1040x760/1630288.png
PJ Dozier,https://cdn.nba.com/headshots/nba/latest/1040x760/1628408.png
Andre Drummond,https://cdn.nba.com/headshots/nba/latest/1040x760/203083.png
Chris Duarte,https://cdn.nba.com/headshots/nba/latest/1040x760/1630537.png
Alex Ducas,https://cdn.nba.com/headshots/nba/latest/1040x760/1642505.png
David Duke Jr.,https://cdn.nba.com/headshots/nba/latest/1040x760/1630561.png
Kris Dunn,https://cdn.nba.com/headshots/nba/latest/1040x760/1627739.png
Ryan Dunn,https://cdn.nba.com/headshots/nba/latest/1040x760/1642346.png
Kevin Durant,https://cdn.nba.com/headshots/nba/latest/1040x760/201142.png
Jalen Duren,https://cdn.nba.com/headshots/nba/latest/1040x760/1631105.png
Tari Eason,https://cdn.nba.com/headshots/nba/latest/1040x760/1631106.png
Zach Edey,https://cdn.nba.com/headshots/nba/latest/1040x760/1641744.png
Anthony Edwards,https://cdn.nba.com/headshots/nba/latest/1040x760/1630162.png
Jesse Edwards,https://cdn.nba.com/headshots/nba/latest/1040x760/1642399.png
Justin Edwards,https://cdn.nba.com/headshots/nba/latest/1040x760/1642348.png
Kessler Edwards,https://cdn.nba.com/headshots/nba/latest/1040x760/1630556.png
Boogie Ellis,https://cdn.nba.com/headshots/nba/latest/1040x760/1642407.png
Keon Ellis,https://cdn.nba.com/headshots/nba/latest/1040x760/1631165.png
Joel Embiid,https://cdn.nba.com/headshots/nba/latest/1040x760/203954.png
Aaron Estrada,https://cdn.nba.com/headshots/nba/latest/1040x760/1642401.png
Drew Eubanks,https://cdn.nba.com/headshots/nba/latest/1040x760/1629234.png
Tosan Evbuomwan,https://cdn.nba.com/headshots/nba/latest/1040x760/1641787.png
Danté Exum,https://cdn.nba.com/headshots/nba/latest/1040x760/203957.png
Bruno Fernando,https://cdn.nba.com/headshots/nba/latest/1040x760/1628981.png
Max Fiedler,https://cdn.nba.com/headshots/nba/latest/1040x760/1642499.png
Kyle Filipowski,https://cdn.nba.com/headshots/nba/latest/1040x760/1642271.png
Dorian Finney-Smith,https://cdn.nba.com/headshots/nba/latest/1040x760/1627827.png
Adam Flagler,https://cdn.nba.com/headshots/nba/latest/1040x760/1641745.png
Trentyn Flowers,https://cdn.nba.com/headshots/nba/latest/1040x760/1642280.png
Malachi Flynn,https://cdn.nba.com/headshots/nba/latest/1040x760/1630201.png
Simone Fontecchio,https://cdn.nba.com/headshots/nba/latest/1040x760/1631323.png
De'Aaron Fox,https://cdn.nba.com/headshots/nba/latest/1040x760/1628368.png
Enrique Freeman,https://cdn.nba.com/headshots/nba/latest/1040x760/1642402.png
Andrew Funk,https://cdn.nba.com/headshots/nba/latest/1040x760/1641847.png
Johnny Furphy,https://cdn.nba.com/headshots/nba/latest/1040x760/1642277.png
Daniel Gafford,https://cdn.nba.com/headshots/nba/latest/1040x760/1629655.png
Darius Garland,https://cdn.nba.com/headshots/nba/latest/1040x760/1629636.png
Luka Garza,https://cdn.nba.com/headshots/nba/latest/1040x760/1630568.png
Keyonte George,https://cdn.nba.com/headshots/nba/latest/1040x760/1641718.png
Kyshawn George,https://cdn.nba.com/headshots/nba/latest/1040x760/1642273.png
Paul George,https://cdn.nba.com/headshots/nba/latest/1040x760/202331.png
Taj Gibson,https://cdn.nba.com/headshots/nba/latest/1040x760/201959.png
Josh Giddey,https://cdn.nba.com/headshots/nba/latest/1040x760/1630581.png
Harry Giles III,https://cdn.nba.com/headshots/nba/latest/1040x760/1628385.png
Shai Gilgeous-Alexander,https://cdn.nba.com/headshots/nba/latest/1040x760/1628983.png
Anthony Gill,https://cdn.nba.com/headshots/nba/latest/1040x760/1630264.png
Collin Gillespie,https://cdn.nba.com/headshots/nba/latest/1040x760/1631221.png
Jacob Gilyard,https://cdn.nba.com/headshots/nba/latest/1040x760/1631367.png
Rudy Gobert,https://cdn.nba.com/headshots/nba/latest/1040x760/203497.png
Jordan Goodwin,https://cdn.nba.com/headshots/nba/latest/1040x760/1630692.png
Aaron Gordon,https://cdn.nba.com/headshots/nba/latest/1040x760/203932.png
Eric Gordon,https://cdn.nba.com/headshots/nba/latest/1040x760/201569.png
Jazian Gortman,https://cdn.nba.com/headshots/nba/latest/1040x760/1641789.png
Devonte' Graham,https://cdn.nba.com/headshots/nba/latest/1040x760/1628984.png
Jerami Grant,https://cdn.nba.com/headshots/nba/latest/1040x760/203924.png
AJ Green,https://cdn.nba.com/headshots/nba/latest/1040x760/1631260.png
Draymond Green,https://cdn.nba.com/headshots/nba/latest/1040x760/203110.png
Jalen Green,https://cdn.nba.com/headshots/nba/latest/1040x760/1630224.png
Javonte Green,https://cdn.nba.com/headshots/nba/latest/1040x760/1629750.png
Jeff Green,https://cdn.nba.com/headshots/nba/latest/1040x760/201145.png
Josh Green,https://cdn.nba.com/headshots/nba/latest/1040x760/1630182.png
Quentin Grimes,https://cdn.nba.com/headshots/nba/latest/1040x760/1629656.png
Mouhamed Gueye,https://cdn.nba.com/headshots/nba/latest/1040x760/1631243.png
Rui Hachimura,https://cdn.nba.com/headshots/nba/latest/1040x760/1629060.png
Tyrese Haliburton,https://cdn.nba.com/headshots/nba/latest/1040x760/1630169.png
PJ Hall,https://cdn.nba.com/headshots/nba/latest/1040x760/1641790.png
Tim Hardaway Jr.,https://cdn.nba.com/headshots/nba/latest/1040x760/203501.png
James Harden,https://cdn.nba.com/headshots/nba/latest/1040x760/201935.png
Jaden Hardy,https://cdn.nba.com/headshots/nba/latest/1040x760/1630702.png
Elijah Harkless,https://cdn.nba.com/headshots/nba/latest/1040x760/1641989.png
Ron Harper Jr.,https://cdn.nba.com/headshots/nba/latest/1040x760/1631199.png
Gary Harris,https://cdn.nba.com/headshots/nba/latest/1040x760/203914.png
Kevon Harris,https://cdn.nba.com/headshots/nba/latest/1040x760/1630284.png
Tobias Harris,https://cdn.nba.com/headshots/nba/latest/1040x760/202699.png
Josh Hart,https://cdn.nba.com/headshots/nba/latest/1040x760/1628404.png
Isaiah Hartenstein,https://cdn.nba.com/headshots/nba/latest/1040x760/1628392.png
Sam Hauser,https://cdn.nba.com/headshots/nba/latest/1040x760/1630573.png
Jordan Hawkins,https://cdn.nba.com/headshots/nba/latest/1040x760/1641722.png
Jaxson Hayes,https://cdn.nba.com/headshots/nba/latest/1040x760/1629637.png
Killian Hayes,https://cdn.nba.com/headshots/nba/latest/1040x760/1630165.png
Scoot Henderson,https://cdn.nba.com/headshots/nba/latest/1040x760/1630703.png
Taylor Hendricks,https://cdn.nba.com/headshots/nba/latest/1040x760/1641707.png
Tyler Herro,https://cdn.nba.com/headshots/nba/latest/1040x760/1629639.png
Buddy Hield,https://cdn.nba.com/headshots/nba/latest/1040x760/1627741.png
Haywood Highsmith,https://cdn.nba.com/headshots/nba/latest/1040x760/1629312.png
Malcolm Hill,https://cdn.nba.com/headshots/nba/latest/1040x760/1630792.png
Blake Hinson,https://cdn.nba.com/headshots/nba/latest/1040x760/1642396.png
Nate Hinton,https://cdn.nba.com/headshots/nba/latest/1040x760/1630207.png
Aaron Holiday,https://cdn.nba.com/headshots/nba/latest/1040x760/1628988.png
Jrue Holiday,https://cdn.nba.com/headshots/nba/latest/1040x760/201950.png
Ronald Holland II,https://cdn.nba.com/headshots/nba/latest/1040x760/1641842.png
Richaun Holmes,https://cdn.nba.com/headshots/nba/latest/1040x760/1626158.png
DaRon Holmes II,https://cdn.nba.com/headshots/nba/latest/1040x760/1641747.png
Chet Holmgren,https://cdn.nba.com/headshots/nba/latest/1040x760/1631096.png
Jalen Hood-Schifino,https://cdn.nba.com/headshots/nba/latest/1040x760/1641720.png
Al Horford,https://cdn.nba.com/headshots/nba/latest/1040x760/201143.png
Talen Horton-Tucker,https://cdn.nba.com/headshots/nba/latest/1040x760/1629659.png
Caleb Houstan,https://cdn.nba.com/headshots/nba/latest/1040x760/1631216.png
Jett Howard,https://cdn.nba.com/headshots/nba/latest/1040x760/1641724.png
Kevin Huerter,https://cdn.nba.com/headshots/nba/latest/1040x760/1628989.png
Jay Huff,https://cdn.nba.com/headshots/nba/latest/1040x760/1630643.png
Ariel Hukporti,https://cdn.nba.com/headshots/nba/latest/1040x760/1630574.png
De'Andre Hunter,https://cdn.nba.com/headshots/nba/latest/1040x760/1629631.png
Bones Hyland,https://cdn.nba.com/headshots/nba/latest/1040x760/1630538.png
Oso Ighodaro,https://cdn.nba.com/headshots/nba/latest/1040x760/1642345.png
Joe Ingles,https://cdn.nba.com/headshots/nba/latest/1040x760/204060.png
Brandon Ingram,https://cdn.nba.com/headshots/nba/latest/1040x760/1627742.png
Harrison Ingram,https://cdn.nba.com/headshots/nba/latest/1040x760/1631127.png
Kyrie Irving,https://cdn.nba.com/headshots/nba/latest/1040x760/202681.png
Jonathan Isaac,https://cdn.nba.com/headshots/nba/latest/1040x760/1628371.png
Jaden Ivey,https://cdn.nba.com/headshots/nba/latest/1040x760/1631093.png
GG Jackson,https://cdn.nba.com/headshots/nba/latest/1040x760/1641713.png
Isaiah Jackson,https://cdn.nba.com/headshots/nba/latest/1040x760/1630543.png
Quenton Jackson,https://cdn.nba.com/headshots/nba/latest/1040x760/1631245.png
Reggie Jackson,https://cdn.nba.com/headshots/nba/latest/1040x760/202704.png
Andre Jackson Jr.,https://cdn.nba.com/headshots/nba/latest/1040x760/1641748.png
Jaren Jackson Jr.,https://cdn.nba.com/headshots/nba/latest/1040x760/1628991.png
Trayce Jackson-Davis,https://cdn.nba.com/headshots/nba/latest/1040x760/1631218.png
Bronny James,https://cdn.nba.com/headshots/nba/latest/1040x760/1642355.png
LeBron James,https://cdn.nba.com/headshots/nba/latest/1040x760/2544.png
Jaime Jaquez Jr.,https://cdn.nba.com/headshots/nba/latest/1040x760/1631170.png
DaQuan Jeffries,https://cdn.nba.com/headshots/nba/latest/1040x760/1629610.png
Trey Jemison,https://cdn.nba.com/headshots/nba/latest/1040x760/1641998.png
Daniss Jenkins,https://cdn.nba.com/headshots/nba/latest/1040x760/1642450.png
Ty Jerome,https://cdn.nba.com/headshots/nba/latest/1040x760/1629660.png
Isaiah Joe,https://cdn.nba.com/headshots/nba/latest/1040x760/1630198.png
AJ Johnson,https://cdn.nba.com/headshots/nba/latest/1040x760/1642358.png
Cameron Johnson,https://cdn.nba.com/headshots/nba/latest/1040x760/1629661.png
Jalen Johnson,https://cdn.nba.com/headshots/nba/latest/1040x760/1630552.png
James Johnson,https://cdn.nba.com/headshots/nba/latest/1040x760/201949.png
Keldon Johnson,https://cdn.nba.com/headshots/nba/latest/1040x760/1629640.png
Keon Johnson,https://cdn.nba.com/headshots/nba/latest/1040x760/1630553.png
Keshad Johnson,https://cdn.nba.com/headshots/nba/latest/1040x760/1642352.png
Keyontae Johnson,https://cdn.nba.com/headshots/nba/latest/1040x760/1641749.png
Nikola Jokić,https://cdn.nba.com/headshots/nba/latest/1040x760/203999.png
Colby Jones,https://cdn.nba.com/headshots/nba/latest/1040x760/1641732.png
Dillon Jones,https://cdn.nba.com/headshots/nba/latest/1040x760/1641794.png
Herbert Jones,https://cdn.nba.com/headshots/nba/latest/1040x760/1630529.png
Isaac Jones,https://cdn.nba.com/headshots/nba/latest/1040x760/1642403.png
Kai Jones,https://cdn.nba.com/headshots/nba/latest/1040x760/1630539.png
Mason Jones,https://cdn.nba.com/headshots/nba/latest/1040x760/1630222.png
Spencer Jones,https://cdn.nba.com/headshots/nba/latest/1040x760/1642461.png
Tre Jones,https://cdn.nba.com/headshots/nba/latest/1040x760/1630200.png
Tyus Jones,https://cdn.nba.com/headshots/nba/latest/1040x760/1626145.png
Derrick Jones Jr.,https://cdn.nba.com/headshots/nba/latest/1040x760/1627884.png
DeAndre Jordan,https://cdn.nba.com/headshots/nba/latest/1040x760/201599.png
Cory Joseph,https://cdn.nba.com/headshots/nba/latest/1040x760/202709.png
Nikola Jović,https://cdn.nba.com/headshots/nba/latest/1040x760/1631107.png
Johnny Juzang,https://cdn.nba.com/headshots/nba/latest/1040x760/1630548.png
Frank Kaminsky,https://cdn.nba.com/headshots/nba/latest/1040x760/1626163.png
Yuki Kawamura,https://cdn.nba.com/headshots/nba/latest/1040x760/1642530.png
Kylor Kelley,https://cdn.nba.com/headshots/nba/latest/1040x760/1630283.png
Luke Kennard,https://cdn.nba.com/headshots/nba/latest/1040x760/1628379.png
Walker Kessler,https://cdn.nba.com/headshots/nba/latest/1040x760/1631117.png
Corey Kispert,https://cdn.nba.com/headshots/nba/latest/1040x760/1630557.png
Maxi Kleber,https://cdn.nba.com/headshots/nba/latest/1040x760/1628467.png
Bobi Klintman,https://cdn.nba.com/headshots/nba/latest/1040x760/1641752.png
Dalton Knecht,https://cdn.nba.com/headshots/nba/latest/1040x760/1642261.png
Kevin Knox II,https://cdn.nba.com/headshots/nba/latest/1040x760/1628995.png
Tyler Kolek,https://cdn.nba.com/headshots/nba/latest/1040x760/1642278.png
Christian Koloko,https://cdn.nba.com/headshots/nba/latest/1040x760/1631132.png
John Konchar,https://cdn.nba.com/headshots/nba/latest/1040x760/1629723.png
Miller Kopp,https://cdn.nba.com/headshots/nba/latest/1040x760/1642046.png
Luke Kornet,https://cdn.nba.com/headshots/nba/latest/1040x760/1628436.png
Vít Krejčí,https://cdn.nba.com/headshots/nba/latest/1040x760/1630249.png
Jonathan Kuminga,https://cdn.nba.com/headshots/nba/latest/1040x760/1630228.png
Kyle Kuzma,https://cdn.nba.com/headshots/nba/latest/1040x760/1628398.png
Jake LaRavia,https://cdn.nba.com/headshots/nba/latest/1040x760/1631222.png
Zach LaVine,https://cdn.nba.com/headshots/nba/latest/1040x760/203897.png
Skal Labissiere,https://cdn.nba.com/headshots/nba/latest/1040x760/1627746.png
Jock Landale,https://cdn.nba.com/headshots/nba/latest/1040x760/1629111.png
Pelle Larsson,https://cdn.nba.com/headshots/nba/latest/1040x760/1641796.png
Caris LeVert,https://cdn.nba.com/headshots/nba/latest/1040x760/1627747.png
Damion Lee,https://cdn.nba.com/headshots/nba/latest/1040x760/1627814.png
Alex Len,https://cdn.nba.com/headshots/nba/latest/1040x760/203458.png
Kawhi Leonard,https://cdn.nba.com/headshots/nba/latest/1040x760/202695.png
Malevy Leons,https://cdn.nba.com/headshots/nba/latest/1040x760/1642502.png
Maxwell Lewis,https://cdn.nba.com/headshots/nba/latest/1040x760/1641721.png
Kira Lewis Jr.,https://cdn.nba.com/headshots/nba/latest/1040x760/1630184.png
E.J. Liddell,https://cdn.nba.com/headshots/nba/latest/1040x760/1630604.png
Damian Lillard,https://cdn.nba.com/headshots/nba/latest/1040x760/203081.png
Nassir Little,https://cdn.nba.com/headshots/nba/latest/1040x760/1629642.png
Dereck Lively II,https://cdn.nba.com/headshots/nba/latest/1040x760/1641726.png
Chris Livingston,https://cdn.nba.com/headshots/nba/latest/1040x760/1641753.png
Kenneth Lofton Jr.,https://cdn.nba.com/headshots/nba/latest/1040x760/1631254.png
Kevon Looney,https://cdn.nba.com/headshots/nba/latest/1040x760/1626172.png
Brook Lopez,https://cdn.nba.com/headshots/nba/latest/1040x760/201572.png
Kevin Love,https://cdn.nba.com/headshots/nba/latest/1040x760/201567.png
Kyle Lowry,https://cdn.nba.com/headshots/nba/latest/1040x760/200768.png
Seth Lundy,https://cdn.nba.com/headshots/nba/latest/1040x760/1641754.png
Trey Lyles,https://cdn.nba.com/headshots/nba/latest/1040x760/1626168.png
Thon Maker,https://cdn.nba.com/headshots/nba/latest/1040x760/1627748.png
Sandro Mamukelashvili,https://cdn.nba.com/headshots/nba/latest/1040x760/1630572.png
Terance Mann,https://cdn.nba.com/headshots/nba/latest/1040x760/1629611.png
Tre Mann,https://cdn.nba.com/headshots/nba/latest/1040x760/1630544.png
Lauri Markkanen,https://cdn.nba.com/headshots/nba/latest/1040x760/1628374.png
Naji Marshall,https://cdn.nba.com/headshots/nba/latest/1040x760/1630230.png
Caleb Martin,https://cdn.nba.com/headshots/nba/latest/1040x760/1628997.png
Cody Martin,https://cdn.nba.com/headshots/nba/latest/1040x760/1628998.png
Jaylen Martin,https://cdn.nba.com/headshots/nba/latest/1040x760/1641798.png
KJ Martin,https://cdn.nba.com/headshots/nba/latest/1040x760/1630231.png
Tyrese Martin,https://cdn.nba.com/headshots/nba/latest/1040x760/1631213.png
Garrison Mathews,https://cdn.nba.com/headshots/nba/latest/1040x760/1629726.png
Bennedict Mathurin,https://cdn.nba.com/headshots/nba/latest/1040x760/1631097.png
Karlo Matković,https://cdn.nba.com/headshots/nba/latest/1040x760/1631255.png
Tyrese Maxey,https://cdn.nba.com/headshots/nba/latest/1040x760/1630178.png
Skylar Mays,https://cdn.nba.com/headshots/nba/latest/1040x760/1630219.png
Miles McBride,https://cdn.nba.com/headshots/nba/latest/1040x760/1630540.png
Jared McCain,https://cdn.nba.com/headshots/nba/latest/1040x760/1642272.png
Mac McClung,https://cdn.nba.com/headshots/nba/latest/1040x760/1630644.png
CJ McCollum,https://cdn.nba.com/headshots/nba/latest/1040x760/203468.png
T.J. McConnell,https://cdn.nba.com/headshots/nba/latest/1040x760/204456.png
Javante McCoy,https://cdn.nba.com/headshots/nba/latest/1040x760/1631322.png
Kevin McCullar Jr.,https://cdn.nba.com/headshots/nba/latest/1040x760/1641755.png
Jaden McDaniels,https://cdn.nba.com/headshots/nba/latest/1040x760/1630183.png
Jalen McDaniels,https://cdn.nba.com/headshots/nba/latest/1040x760/1629667.png
Bryce McGowens,https://cdn.nba.com/headshots/nba/latest/1040x760/1631121.png
Jordan McLaughlin,https://cdn.nba.com/headshots/nba/latest/1040x760/1629162.png
Jack McVeigh,https://cdn.nba.com/headshots/nba/latest/1040x760/1629098.png
De'Anthony Melton,https://cdn.nba.com/headshots/nba/latest/1040x760/1629001.png
Nathan Mensah,https://cdn.nba.com/headshots/nba/latest/1040x760/1641877.png
Sam Merrill,https://cdn.nba.com/headshots/nba/latest/1040x760/1630241.png
Vasilije Micić,https://cdn.nba.com/headshots/nba/latest/1040x760/203995.png
Khris Middleton,https://cdn.nba.com/headshots/nba/latest/1040x760/203114.png
Brandon Miller,https://cdn.nba.com/headshots/nba/latest/1040x760/1641706.png
Emanuel Miller,https://cdn.nba.com/headshots/nba/latest/1040x760/1641801.png
Jordan Miller,https://cdn.nba.com/headshots/nba/latest/1040x760/1641757.png
Leonard Miller,https://cdn.nba.com/headshots/nba/latest/1040x760/1631159.png
Patty Mills,https://cdn.nba.com/headshots/nba/latest/1040x760/201988.png
Shake Milton,https://cdn.nba.com/headshots/nba/latest/1040x760/1629003.png
Justin Minaya,https://cdn.nba.com/headshots/nba/latest/1040x760/1631303.png
Riley Minix,https://cdn.nba.com/headshots/nba/latest/1040x760/1642434.png
Josh Minott,https://cdn.nba.com/headshots/nba/latest/1040x760/1631169.png
Judah Mintz,https://cdn.nba.com/headshots/nba/latest/1040x760/1641758.png
Yves Missi,https://cdn.nba.com/headshots/nba/latest/1040x760/1642274.png
Ajay Mitchell,https://cdn.nba.com/headshots/nba/latest/1040x760/1642349.png
Davion Mitchell,https://cdn.nba.com/headshots/nba/latest/1040x760/1630558.png
Donovan Mitchell,https://cdn.nba.com/headshots/nba/latest/1040x760/1628378.png
Evan Mobley,https://cdn.nba.com/headshots/nba/latest/1040x760/1630596.png
Isaiah Mobley,https://cdn.nba.com/headshots/nba/latest/1040x760/1630600.png
Jonathan Mogbo,https://cdn.nba.com/headshots/nba/latest/1040x760/1642367.png
Malik Monk,https://cdn.nba.com/headshots/nba/latest/1040x760/1628370.png
Moses Moody,https://cdn.nba.com/headshots/nba/latest/1040x760/1630541.png
Tazé Moore,https://cdn.nba.com/headshots/nba/latest/1040x760/1631386.png
Wendell Moore Jr.,https://cdn.nba.com/headshots/nba/latest/1040x760/1631111.png
Ja Morant,https://cdn.nba.com/headshots/nba/latest/1040x760/1629630.png
Markieff Morris,https://cdn.nba.com/headshots/nba/latest/1040x760/202693.png
Monté Morris,https://cdn.nba.com/headshots/nba/latest/1040x760/1628420.png
Trey Murphy III,https://cdn.nba.com/headshots/nba/latest/1040x760/1630530.png
Dejounte Murray,https://cdn.nba.com/headshots/nba/latest/1040x760/1627749.png
Jamal Murray,https://cdn.nba.com/headshots/nba/latest/1040x760/1627750.png
Keegan Murray,https://cdn.nba.com/headshots/nba/latest/1040x760/1631099.png
Kris Murray,https://cdn.nba.com/headshots/nba/latest/1040x760/1631200.png
Svi Mykhailiuk,https://cdn.nba.com/headshots/nba/latest/1040x760/1629004.png
Pete Nance,https://cdn.nba.com/headshots/nba/latest/1040x760/1631250.png
Larry Nance Jr.,https://cdn.nba.com/headshots/nba/latest/1040x760/1626204.png
Andrew Nembhard,https://cdn.nba.com/headshots/nba/latest/1040x760/1629614.png
Aaron Nesmith,https://cdn.nba.com/headshots/nba/latest/1040x760/1630174.png
Tristen Newton,https://cdn.nba.com/headshots/nba/latest/1040x760/1641803.png
Georges Niang,https://cdn.nba.com/headshots/nba/latest/1040x760/1627777.png
Daishen Nix,https://cdn.nba.com/headshots/nba/latest/1040x760/1630227.png
Zeke Nnaji,https://cdn.nba.com/headshots/nba/latest/1040x760/1630192.png
Jaylen Nowell,https://cdn.nba.com/headshots/nba/latest/1040x760/1629669.png
Markquis Nowell,https://cdn.nba.com/headshots/nba/latest/1040x760/1641806.png
Jusuf Nurkić,https://cdn.nba.com/headshots/nba/latest/1040x760/203994.png
Royce O'Neale,https://cdn.nba.com/headshots/nba/latest/1040x760/1626220.png
Chuma Okeke,https://cdn.nba.com/headshots/nba/latest/1040x760/1629643.png
Josh Okogie,https://cdn.nba.com/headshots/nba/latest/1040x760/1629006.png
Onyeka Okongwu,https://cdn.nba.com/headshots/nba/latest/1040x760/1630168.png
Isaac Okoro,https://cdn.nba.com/headshots/nba/latest/1040x760/1630171.png
Quincy Olivari,https://cdn.nba.com/headshots/nba/latest/1040x760/1642439.png
Kelly Olynyk,https://cdn.nba.com/headshots/nba/latest/1040x760/203482.png
Eugene Omoruyi,https://cdn.nba.com/headshots/nba/latest/1040x760/1630647.png
Miye Oni,https://cdn.nba.com/headshots/nba/latest/1040x760/1629671.png
Kelly Oubre Jr.,https://cdn.nba.com/headshots/nba/latest/1040x760/1626162.png
Anžejs Pasečņiks,https://cdn.nba.com/headshots/nba/latest/1040x760/1628394.png
Chris Paul,https://cdn.nba.com/headshots/nba/latest/1040x760/101108.png
Cameron Payne,https://cdn.nba.com/headshots/nba/latest/1040x760/1626166.png
Gary Payton II,https://cdn.nba.com/headshots/nba/latest/1040x760/1627780.png
Mãozinha Pereira,https://cdn.nba.com/headshots/nba/latest/1040x760/1641970.png
Drew Peterson,https://cdn.nba.com/headshots/nba/latest/1040x760/1641809.png
Julian Phillips,https://cdn.nba.com/headshots/nba/latest/1040x760/1641763.png
Jalen Pickett,https://cdn.nba.com/headshots/nba/latest/1040x760/1629618.png
Scotty Pippen Jr.,https://cdn.nba.com/headshots/nba/latest/1040x760/1630590.png
Daeqwon Plowden,https://cdn.nba.com/headshots/nba/latest/1040x760/1631342.png
Mason Plumlee,https://cdn.nba.com/headshots/nba/latest/1040x760/203486.png
Brandin Podziemski,https://cdn.nba.com/headshots/nba/latest/1040x760/1641764.png
Jordan Poole,https://cdn.nba.com/headshots/nba/latest/1040x760/1629673.png
Craig Porter Jr.,https://cdn.nba.com/headshots/nba/latest/1040x760/1641854.png
Kevin Porter Jr.,https://cdn.nba.com/headshots/nba/latest/1040x760/1629645.png
Michael Porter Jr.,https://cdn.nba.com/headshots/nba/latest/1040x760/1629008.png
Bobby Portis,https://cdn.nba.com/headshots/nba/latest/1040x760/1626171.png
Kristaps Porziņģis,https://cdn.nba.com/headshots/nba/latest/1040x760/204001.png
Quinten Post,https://cdn.nba.com/headshots/nba/latest/1040x760/1642366.png
Micah Potter,https://cdn.nba.com/headshots/nba/latest/1040x760/1630695.png
Dwight Powell,https://cdn.nba.com/headshots/nba/latest/1040x760/203939.png
Norman Powell,https://cdn.nba.com/headshots/nba/latest/1040x760/1626181.png
Jason Preston,https://cdn.nba.com/headshots/nba/latest/1040x760/1630554.png
Taurean Prince,https://cdn.nba.com/headshots/nba/latest/1040x760/1627752.png
Payton Pritchard,https://cdn.nba.com/headshots/nba/latest/1040x760/1630202.png
Olivier-Maxence Prosper,https://cdn.nba.com/headshots/nba/latest/1040x760/1641765.png
Zyon Pullin,https://cdn.nba.com/headshots/nba/latest/1040x760/1642389.png
Jakob Pöltl,https://cdn.nba.com/headshots/nba/latest/1040x760/1627751.png
Trevelin Queen,https://cdn.nba.com/headshots/nba/latest/1040x760/1630243.png
Neemias Queta,https://cdn.nba.com/headshots/nba/latest/1040x760/1629674.png
Immanuel Quickley,https://cdn.nba.com/headshots/nba/latest/1040x760/1630193.png
Lester Quinones,https://cdn.nba.com/headshots/nba/latest/1040x760/1631311.png
Jahmi'us Ramsey,https://cdn.nba.com/headshots/nba/latest/1040x760/1630186.png
Julius Randle,https://cdn.nba.com/headshots/nba/latest/1040x760/203944.png
Duop Reath,https://cdn.nba.com/headshots/nba/latest/1040x760/1641871.png
Austin Reaves,https://cdn.nba.com/headshots/nba/latest/1040x760/1630559.png
Cam Reddish,https://cdn.nba.com/headshots/nba/latest/1040x760/1629629.png
Paul Reed,https://cdn.nba.com/headshots/nba/latest/1040x760/1630194.png
Alex Reese,https://cdn.nba.com/headshots/nba/latest/1040x760/1642024.png
Antonio Reeves,https://cdn.nba.com/headshots/nba/latest/1040x760/1641810.png
Naz Reid,https://cdn.nba.com/headshots/nba/latest/1040x760/1629675.png
Jared Rhoden,https://cdn.nba.com/headshots/nba/latest/1040x760/1631197.png
Nick Richards,https://cdn.nba.com/headshots/nba/latest/1040x760/1630208.png
Josh Richardson,https://cdn.nba.com/headshots/nba/latest/1040x760/1626196.png
Will Richardson,https://cdn.nba.com/headshots/nba/latest/1040x760/1642019.png
Zaccharie Risacher,https://cdn.nba.com/headshots/nba/latest/1040x760/1642258.png
Liam Robbins,https://cdn.nba.com/headshots/nba/latest/1040x760/1641857.png
Duncan Robinson,https://cdn.nba.com/headshots/nba/latest/1040x760/1629130.png
Mitchell Robinson,https://cdn.nba.com/headshots/nba/latest/1040x760/1629011.png
Orlando Robinson,https://cdn.nba.com/headshots/nba/latest/1040x760/1631115.png
Jeremiah Robinson-Earl,https://cdn.nba.com/headshots/nba/latest/1040x760/1630526.png
David Roddy,https://cdn.nba.com/headshots/nba/latest/1040x760/1631223.png
Ryan Rollins,https://cdn.nba.com/headshots/nba/latest/1040x760/1631157.png
Jackson Rowe,https://cdn.nba.com/headshots/nba/latest/1040x760/1642050.png
Terry Rozier,https://cdn.nba.com/headshots/nba/latest/1040x760/1626179.png
Rayan Rupert,https://cdn.nba.com/headshots/nba/latest/1040x760/1641712.png
D'Angelo Russell,https://cdn.nba.com/headshots/nba/latest/1040x760/1626156.png
Cormac Ryan,https://cdn.nba.com/headshots/nba/latest/1040x760/1642504.png
Matt Ryan,https://cdn.nba.com/headshots/nba/latest/1040x760/1630346.png
Domantas Sabonis,https://cdn.nba.com/headshots/nba/latest/1040x760/1627734.png
Tidjane Salaün,https://cdn.nba.com/headshots/nba/latest/1040x760/1642275.png
Jermaine Samuels Jr.,https://cdn.nba.com/headshots/nba/latest/1040x760/1631257.png
Adama Sanogo,https://cdn.nba.com/headshots/nba/latest/1040x760/1641766.png
Gui Santos,https://cdn.nba.com/headshots/nba/latest/1040x760/1630611.png
Alexandre Sarr,https://cdn.nba.com/headshots/nba/latest/1040x760/1642259.png
Marcus Sasser,https://cdn.nba.com/headshots/nba/latest/1040x760/1631204.png
Baylor Scheierman,https://cdn.nba.com/headshots/nba/latest/1040x760/1631248.png
Dennis Schröder,https://cdn.nba.com/headshots/nba/latest/1040x760/203471.png
Jay Scrubb,https://cdn.nba.com/headshots/nba/latest/1040x760/1630206.png
Dereon Seabron,https://cdn.nba.com/headshots/nba/latest/1040x760/1631220.png
Alperen Sengun,https://cdn.nba.com/headshots/nba/latest/1040x760/1630578.png
Brice Sensabaugh,https://cdn.nba.com/headshots/nba/latest/1040x760/1641729.png
Collin Sexton,https://cdn.nba.com/headshots/nba/latest/1040x760/1629012.png
Landry Shamet,https://cdn.nba.com/headshots/nba/latest/1040x760/1629013.png
Terrence Shannon Jr.,https://cdn.nba.com/headshots/nba/latest/1040x760/1630545.png
Jamarion Sharp,https://cdn.nba.com/headshots/nba/latest/1040x760/1642481.png
Day'Ron Sharpe,https://cdn.nba.com/headshots/nba/latest/1040x760/1630549.png
Shaedon Sharpe,https://cdn.nba.com/headshots/nba/latest/1040x760/1631101.png
Jamal Shead,https://cdn.nba.com/headshots/nba/latest/1040x760/1642347.png
Ben Sheppard,https://cdn.nba.com/headshots/nba/latest/1040x760/1641767.png
Reed Sheppard,https://cdn.nba.com/headshots/nba/latest/1040x760/1642263.png
Pascal Siakam,https://cdn.nba.com/headshots/nba/latest/1040x760/1627783.png
Ben Simmons,https://cdn.nba.com/headshots/nba/latest/1040x760/1627732.png
Anfernee Simons,https://cdn.nba.com/headshots/nba/latest/1040x760/1629014.png
K.J. Simpson,https://cdn.nba.com/headshots/nba/latest/1040x760/1642354.png
Jericho Sims,https://cdn.nba.com/headshots/nba/latest/1040x760/1630579.png
Dmytro Skapintsev,https://cdn.nba.com/headshots/nba/latest/1040x760/1631376.png
Jalen Slawson,https://cdn.nba.com/headshots/nba/latest/1040x760/1641771.png
Javonte Smart,https://cdn.nba.com/headshots/nba/latest/1040x760/1630606.png
Marcus Smart,https://cdn.nba.com/headshots/nba/latest/1040x760/203935.png
Dru Smith,https://cdn.nba.com/headshots/nba/latest/1040x760/1630696.png
Jalen Smith,https://cdn.nba.com/headshots/nba/latest/1040x760/1630188.png
Tolu Smith,https://cdn.nba.com/headshots/nba/latest/1040x760/1642449.png
Tyler Smith,https://cdn.nba.com/headshots/nba/latest/1040x760/1641890.png
Zhaire Smith,https://cdn.nba.com/headshots/nba/latest/1040x760/1629015.png
Jabari Smith Jr.,https://cdn.nba.com/headshots/nba/latest/1040x760/1631095.png
Nick Smith Jr.,https://cdn.nba.com/headshots/nba/latest/1040x760/1641733.png
Jeremy Sochan,https://cdn.nba.com/headshots/nba/latest/1040x760/1631110.png
Cam Spencer,https://cdn.nba.com/headshots/nba/latest/1040x760/1642285.png
Pat Spencer,https://cdn.nba.com/headshots/nba/latest/1040x760/1630311.png
Jaden Springer,https://cdn.nba.com/headshots/nba/latest/1040x760/1630531.png
Isaiah Stevens,https://cdn.nba.com/headshots/nba/latest/1040x760/1641815.png
Lamar Stevens,https://cdn.nba.com/headshots/nba/latest/1040x760/1630205.png
Erik Stevenson,https://cdn.nba.com/headshots/nba/latest/1040x760/1641907.png
DJ Steward,https://cdn.nba.com/headshots/nba/latest/1040x760/1630569.png
Isaiah Stewart,https://cdn.nba.com/headshots/nba/latest/1040x760/1630191.png
Julian Strawther,https://cdn.nba.com/headshots/nba/latest/1040x760/1631124.png
Max Strus,https://cdn.nba.com/headshots/nba/latest/1040x760/1629622.png
Jalen Suggs,https://cdn.nba.com/headshots/nba/latest/1040x760/1630591.png
Cole Swider,https://cdn.nba.com/headshots/nba/latest/1040x760/1631306.png
Jae'Sean Tate,https://cdn.nba.com/headshots/nba/latest/1040x760/1630256.png
Jayson Tatum,https://cdn.nba.com/headshots/nba/latest/1040x760/1628369.png
Terry Taylor,https://cdn.nba.com/headshots/nba/latest/1040x760/1630678.png
Garrett Temple,https://cdn.nba.com/headshots/nba/latest/1040x760/202066.png
Dalen Terry,https://cdn.nba.com/headshots/nba/latest/1040x760/1631207.png
Daniel Theis,https://cdn.nba.com/headshots/nba/latest/1040x760/1628464.png
Brodric Thomas,https://cdn.nba.com/headshots/nba/latest/1040x760/1630271.png
Cam Thomas,https://cdn.nba.com/headshots/nba/latest/1040x760/1630560.png
Amen Thompson,https://cdn.nba.com/headshots/nba/latest/1040x760/1641708.png
Ausar Thompson,https://cdn.nba.com/headshots/nba/latest/1040x760/1641709.png
Ethan Thompson,https://cdn.nba.com/headshots/nba/latest/1040x760/1630679.png
Klay Thompson,https://cdn.nba.com/headshots/nba/latest/1040x760/202691.png
Tristan Thompson,https://cdn.nba.com/headshots/nba/latest/1040x760/202684.png
JT Thor,https://cdn.nba.com/headshots/nba/latest/1040x760/1630550.png
Matisse Thybulle,https://cdn.nba.com/headshots/nba/latest/1040x760/1629680.png
Xavier Tillman,https://cdn.nba.com/headshots/nba/latest/1040x760/1630214.png
Nikola Topić,https://cdn.nba.com/headshots/nba/latest/1040x760/1642260.png
Jacob Toppin,https://cdn.nba.com/headshots/nba/latest/1040x760/1631210.png
Obi Toppin,https://cdn.nba.com/headshots/nba/latest/1040x760/1630167.png
Karl-Anthony Towns,https://cdn.nba.com/headshots/nba/latest/1040x760/1626157.png
Armel Traoré,https://cdn.nba.com/headshots/nba/latest/1040x760/1642422.png
Luke Travers,https://cdn.nba.com/headshots/nba/latest/1040x760/1631247.png
Gary Trent Jr.,https://cdn.nba.com/headshots/nba/latest/1040x760/1629018.png
Oscar Tshiebwe,https://cdn.nba.com/headshots/nba/latest/1040x760/1631131.png
Jordan Tucker,https://cdn.nba.com/headshots/nba/latest/1040x760/1630733.png
P.J. Tucker,https://cdn.nba.com/headshots/nba/latest/1040x760/200782.png
Myles Turner,https://cdn.nba.com/headshots/nba/latest/1040x760/1626167.png
Hunter Tyson,https://cdn.nba.com/headshots/nba/latest/1040x760/1641816.png
Jaylon Tyson,https://cdn.nba.com/headshots/nba/latest/1040x760/1642281.png
Stanley Umude,https://cdn.nba.com/headshots/nba/latest/1040x760/1630649.png
Jonas Valančiūnas,https://cdn.nba.com/headshots/nba/latest/1040x760/202685.png
Fred VanVleet,https://cdn.nba.com/headshots/nba/latest/1040x760/1627832.png
Jarred Vanderbilt,https://cdn.nba.com/headshots/nba/latest/1040x760/1629020.png
Devin Vassell,https://cdn.nba.com/headshots/nba/latest/1040x760/1630170.png
Gabe Vincent,https://cdn.nba.com/headshots/nba/latest/1040x760/1629216.png
Tristan Vukcevic,https://cdn.nba.com/headshots/nba/latest/1040x760/1641774.png
Nikola Vučević,https://cdn.nba.com/headshots/nba/latest/1040x760/202696.png
Dean Wade,https://cdn.nba.com/headshots/nba/latest/1040x760/1629731.png
Franz Wagner,https://cdn.nba.com/headshots/nba/latest/1040x760/1630532.png
Moritz Wagner,https://cdn.nba.com/headshots/nba/latest/1040x760/1629021.png
Jabari Walker,https://cdn.nba.com/headshots/nba/latest/1040x760/1631133.png
Jarace Walker,https://cdn.nba.com/headshots/nba/latest/1040x760/1641716.png
Lonnie Walker IV,https://cdn.nba.com/headshots/nba/latest/1040x760/1629022.png
Cason Wallace,https://cdn.nba.com/headshots/nba/latest/1040x760/1641717.png
Keaton Wallace,https://cdn.nba.com/headshots/nba/latest/1040x760/1630811.png
Jordan Walsh,https://cdn.nba.com/headshots/nba/latest/1040x760/1641775.png
Ja'Kobe Walter,https://cdn.nba.com/headshots/nba/latest/1040x760/1642266.png
Kel'el Ware,https://cdn.nba.com/headshots/nba/latest/1040x760/1642276.png
T.J. Warren,https://cdn.nba.com/headshots/nba/latest/1040x760/203933.png
P.J. Washington,https://cdn.nba.com/headshots/nba/latest/1040x760/1629023.png
TyTy Washington Jr.,https://cdn.nba.com/headshots/nba/latest/1040x760/1631102.png
Lindy Waters III,https://cdn.nba.com/headshots/nba/latest/1040x760/1630322.png
Trendon Watford,https://cdn.nba.com/headshots/nba/latest/1040x760/1630570.png
Anton Watson,https://cdn.nba.com/headshots/nba/latest/1040x760/1641817.png
Peyton Watson,https://cdn.nba.com/headshots/nba/latest/1040x760/1631212.png
Jaylen Wells,https://cdn.nba.com/headshots/nba/latest/1040x760/1642377.png
Victor Wembanyama,https://cdn.nba.com/headshots/nba/latest/1040x760/1641705.png
Blake Wesley,https://cdn.nba.com/headshots/nba/latest/1040x760/1631104.png
Russell Westbrook,https://cdn.nba.com/headshots/nba/latest/1040x760/201566.png
Coby White,https://cdn.nba.com/headshots/nba/latest/1040x760/1629632.png
Derrick White,https://cdn.nba.com/headshots/nba/latest/1040x760/1628401.png
Dariq Whitehead,https://cdn.nba.com/headshots/nba/latest/1040x760/1641727.png
Cam Whitmore,https://cdn.nba.com/headshots/nba/latest/1040x760/1641715.png
Aaron Wiggins,https://cdn.nba.com/headshots/nba/latest/1040x760/1630598.png
Andrew Wiggins,https://cdn.nba.com/headshots/nba/latest/1040x760/203952.png
Alondes Williams,https://cdn.nba.com/headshots/nba/latest/1040x760/1631214.png
Brandon Williams,https://cdn.nba.com/headshots/nba/latest/1040x760/1630314.png
Cody Williams,https://cdn.nba.com/headshots/nba/latest/1040x760/1642262.png
Grant Williams,https://cdn.nba.com/headshots/nba/latest/1040x760/1629684.png
Jalen Williams,https://cdn.nba.com/headshots/nba/latest/1040x760/1631114.png
Jaylin Williams,https://cdn.nba.com/headshots/nba/latest/1040x760/1631119.png
Kenrich Williams,https://cdn.nba.com/headshots/nba/latest/1040x760/1629026.png
Mark Williams,https://cdn.nba.com/headshots/nba/latest/1040x760/1631109.png
Nate Williams,https://cdn.nba.com/headshots/nba/latest/1040x760/1631466.png
Patrick Williams,https://cdn.nba.com/headshots/nba/latest/1040x760/1630172.png
Ziaire Williams,https://cdn.nba.com/headshots/nba/latest/1040x760/1630533.png
Robert Williams III,https://cdn.nba.com/headshots/nba/latest/1040x760/1629057.png
Vince Williams Jr.,https://cdn.nba.com/headshots/nba/latest/1040x760/1631246.png
Zion Williamson,https://cdn.nba.com/headshots/nba/latest/1040x760/1629627.png
Jalen Wilson,https://cdn.nba.com/headshots/nba/latest/1040x760/1630592.png
James Wiseman,https://cdn.nba.com/headshots/nba/latest/1040x760/1630164.png
Christian Wood,https://cdn.nba.com/headshots/nba/latest/1040x760/1626174.png
Moses Wood,https://cdn.nba.com/headshots/nba/latest/1040x760/1642473.png
Delon Wright,https://cdn.nba.com/headshots/nba/latest/1040x760/1626153.png
Guerschon Yabusele,https://cdn.nba.com/headshots/nba/latest/1040x760/1627824.png
Cui Yongxi,https://cdn.nba.com/headshots/nba/latest/1040x760/1642385.png
Trae Young,https://cdn.nba.com/headshots/nba/latest/1040x760/1629027.png
Cody Zeller,https://cdn.nba.com/headshots/nba/latest/1040x760/203469.png
Ivica Zubac,https://cdn.nba.com/headshots/nba/latest/1040x760/1627826.png
Tristan da Silva,https://cdn.nba.com/headshots/nba/latest/1040x760/1641783.png
Vlatko Čančar,https://cdn.nba.com/headshots/nba/latest/1040x760/1628427.png
Dario Šarić,https://cdn.nba.com/headshots/nba/latest/1040x760/203967.png
